DONATION_ID,NAME,AGE,DATE_OF_BIRTH,STREET_ADDRESS,CITY,STATE,ZIP,PHONE,CATEGORY,ORGANIZATION,AMOUNT
1,Donna Morrison,79,12/28/44,782 Lisa Harbor,Brianburgh,IL,27395,+1-959-056-5675x47588, ,Brown-Schwartz,262.92
2,Terry Patrick,23,11/16/01,5207 Keith Islands,Timothyhaven,DC,4918,(089) 751-9733,Sports,Torres Group,397.08
3,"Wade, Ashley",28,4/6/99,7214 Maria Row Suite 106,Port Meghanside,AZ,19727,374-320-9677,Miscellaneous,Stark Group,163.02
4,Jordan Ramsey,66,5/26/82,234 Ashley Fields,Michelleton,OH,15059,121-229-4085,N/A,Wright-Clark,368.68
5,"Reed, Ronald",43,7/24/54,1518 Ryan Lakes Apt. 611,North Monicahaven,CT,10741,719.881.8171,Health,"Griffith, Edwards and Mckenzie",331.51
6,Gregory Hines,53,1/18/62,30712 Ricardo Crest Apt. 350,Huertashire,WV,22746,(177)004-6594,Miscellaneous,Cooper-Sanchez,246.12
7,"Adams, Jennifer",62,9/28/57,17567 Paul Courts,Wilsonchester,MI,89386,1-068-112-1576,Animal Welfare,Costa Inc,210.51
8,Nicholas Jimenez,30,7/15/42,7199 Young Pine,Floresview,ID,40879,010.777.6149x064,N/A,"Harris, Brooks and Larson",206.13
9,Joshua Williams,85,10/4/51,1183 Brandi Land,Lake Kathleenmouth,NC,47592,1-064-752-3739,Unknown,"Moody, Scott and Miles",324.75
10,Walter Barnett,77,8/9/65,931 Nicholas Plaza Suite 258,Susanshire,MD,44149,832-221-5648x18694,Education,"Garcia, Nguyen and Alexander",221.1
11,"Spencer, Stephanie",26,6/4/50,18194 Fox Drives Suite 475,New Debraport,IN,730,+1-370-370-1142x728,Arts,Smith Inc,3460853.93
12,"Miller, Victor",37,10/8/62,705 Cynthia Freeway Suite 174,West Steveside,NC,63235,(788) 285-8797,Sports,Bernard Group,4940802.99
13,"Miller, Cheryl",36,11/4/44,259 Sharon Shore Suite 723,East Danaton,HI,50867,467-492-7758x20163,N/A,Barton-Powell,369.55
14,Kelly Strickland,49,3/17/40,979 Harris Ports Suite 640,North Donna,TX,36157,360-078-3393, ,Gill and Sons,314.09
15,Tracy George,70,5/20/64,341 Diane Pines,Sotoburgh,NV,53185,558-097-7930,Education,Green and Sons,373.71
16,"Bates, Ashley",50,3/3/59,87598 Myers Plains,New Michael,MN,25468,1-645-585-3581,N/A,"Young, White and Rios",324.18
17,Victoria Shelton,79,11/29/91,8031 Tracy Fields Apt. 063,Port Deborahberg,AZ,94408,1-686-180-4935,Miscellaneous,"Boyer, Moore and Marsh",191.82
18,Mary Brown,40,7/24/31,320 Greene Island Suite 215,Markmouth,KY,90347,1-349-633-4168,,"Schwartz, Richardson and Smith",3228590.73
19,"Rich, Kurt",71,8/16/47,217 Sarah Squares Suite 653,Stewartside,IA,80558,001-350-181-6685x8329,Education,Garcia LLC,360.72
20,"Ortega, Kevin",41,9/1/75,16486 Stokes Ranch,Hughesfort,ND,36742,(616) 219-0661,Unknown,"Anthony, Liu and Roberson",52.8
21,"Harris, Jacqueline",34,1/17/81,9116 Christopher Passage Apt. 022,Salazarhaven,PA,18820,1-095-358-2443,Unknown,Chen Inc,112.54
22,"Hess, Judy",31,5/16/58,3047 Jeffrey Glens Apt. 961,North Sarahshire,SC,8217,227-014-5072,Sports,Charles Ltd,97.01
23,Deanna Gray,65,11/19/03,0089 Townsend Crossing Apt. 590,East Susanstad,AR,94862,(601) 664-9013,Education,Thomas Inc,206.76
24,"Barnes, Cynthia",59,6/22/79,7273 Hanson Path,Aaronview,NE,85935,(744) 722-2750, ,"Sutton, Lee and Smith",91.95
25,"Walker, Jonathan",42,5/1/88,120 Houston Vista Suite 541,Reeseton,WI,70710,180-647-3881,Health,Scott-Whitaker,40.62
26,Michael Jennings,35,1/17/05,829 Fowler Radial Apt. 661,Richardfort,VA,88647,(528) 375-3598,Education,Scott-Allen,423.32
27,James Stephens,67,9/15/10,01635 Rogers Greens Suite 086,Teresatown,OH,45533,(601)662-3460,Community Service,Russell LLC,113.67
28,"Johnson, Courtney",32,11/30/88,18739 Smith Camp Apt. 468,North Ashley,AL,77376,272-673-3868x1643,Arts,Perez-Luna,217.29
29,Patricia Garcia,60,8/9/51,59056 Eric Forges,Port Samuel,IL,77714,+1-310-209-5447x922,Animal Welfare,Smith-Dorsey,45.06
30,"Meyer, Tara",24,9/27/32,32913 Karl Viaduct,Port Kathryn,NE,31360,1-262-513-4885,Arts,Martinez PLC,437.93
31,"Lyons, Ronald",68,12/26/67,0576 Lamb Corners,South Andrew,OH,46380,798-299-9225, ,"French, Woods and Jackson",150.39
32,Sara Chandler,79,2/14/55,778 Martinez Manors Suite 473,East Donna,CT,24295,1-810-941-3239,Miscellaneous,"Carter, Davis and Young",17.4
33,"Elliott, Seth",70,12/25/05,054 Singh Viaduct Suite 586,South Gabriel,LA,39193,(410) 983-3898,Arts,"Davis, Sparks and Wallace",412.74
34,Heather Rodriguez,71,11/30/44,922 Jackson Islands Apt. 467,Aguilarstad,DC,24431,1-790-966-3838,Sports,"Montgomery, Alexander and Mendoza",377.38
35,"Buchanan, Alan",20,9/20/83,586 Summers Motorway,Victortown,DE,46949,531-088-6499,Education,Gamble Inc,329
36,Jeremiah Ford,54,5/11/73,43514 Anderson Mountains Suite 174,North Kim,VT,7383,(744) 540-2786,Animal Welfare,"Chavez, Webb and Campbell",423.93
37,"Smith, Sarah",22,6/9/79,64053 Dawn Course Suite 247,Nobleport,NE,54475,(154)723-7872,Animal Welfare,Watkins-Walter,472.5
38,"Baldwin, Erin",23,1/28/92,751 Rodriguez Field,West Vanessashire,NC,60765,1-265-631-2698, ,"Hill, Larson and Johnson",344.01
39,Sarah Pearson,78,5/18/90,234 Strickland Roads Suite 546,Lake Robert,MI,43428,888.029.6282x14504,Community Service,"Thompson, Thomas and Andrews",381.56
40,Tracie Black,23,4/20/02,4159 Wilson Squares Suite 328,East Elizabethborough,AZ,95104,1-073-177-1405,Miscellaneous,Hall Ltd,464.92
41,"Henderson, Brianna",51,3/22/68,37042 Lee Common Suite 951,Autumnberg,SD,78611,(562) 244-6013,Sports,"Williams, Garrison and Park",70.38
42,Julie Allen,51,2/19/96,9217 Austin Fords Apt. 668,Davidsonview,TN,60982,+1-430-594-3847x6358,Sports,"Long, Oconnor and Krueger",228.32
43,Diane Bender,43,2/22/98,8992 Webb Landing,Holmesfurt,UT,13260,(791) 708-3427,Unknown,Clarke-Ferguson,261.68
44,David Vincent,71,11/2/73,796 Jared Parkways Suite 259,East Beth,RI,30385,1-168-373-1137,N/A,Beck Group,351.12
45,Albert Perez,79,6/6/50,8918 Sean Forges Apt. 846,East Larrymouth,DE,47807,214-202-1896x24347,Sports,Robinson PLC,16.09
46,Kayla Allen,33,2/6/82,5651 Hall Forges,Port Paula,DE,53257,449-816-3974,Health,Kline-Mcfarland,445.79
47,"Cook, Deanna",71,3/15/77,26642 Cynthia Manor,South Victoria,KS,20405,107-004-8135,Miscellaneous,Perkins-Harris,272.48
48,John Holder,35,9/27/01,805 Aaron Crossroad Suite 118,East Tyler,MD,66880,1-271-959-5807,Education,"Graves, Jennings and Ferguson",250.71
49,Rebecca Terry,26,3/10/69,95705 Wallace Pike Suite 607,New Tracychester,SD,37686,(486)182-5011x7929,Education,"Harper, Morris and Brown",236.96
50,"Ballard, Jennifer",44,7/2/50,87871 John Circle,Josephmouth,DC,30392,1-966-675-5935,Sports,"Brown, Powell and Potter",117.93
51,"Hardin, Daniel",45,7/1/02,8120 Kelli Ferry,Joshualand,WY,39205,001-747-332-8489x59417,Miscellaneous,Brown Inc,477.91
52,Dana Holland,22,2/27/28,11478 Angela Hills,Lake Tammy,AR,86555,1-612-196-2841,Education,"Bridges, Gutierrez and Case",494.34
53,Leslie Williams,59,7/21/76,1650 Linda Vista,Lake Susan,OK,45385,(522) 608-1019,Arts,Fuentes-Fleming,372.56
54,"Pena, Jeremy",77,11/2/04,63215 Robinson Locks Apt. 435,Ashleyberg,MD,26225,-2980,Health,"Davis, Wheeler and Bennett",222.6
55,Bianca Johnson,50,6/18/82,223 Joseph Cliffs Apt. 003,Davidchester,DC,33012,(069)374-7417x4651,Education,"Rivera, Ferrell and Lucas",45.14
56,"Peters, Tim",76,1/6/62,42103 Crawford Stream,Brandyport,AK,81273,710.446.6626,Arts,Hartman and Sons,221.73
57,April Mcknight,52,10/3/09,2284 Wesley Crescent Suite 622,Boothfort,NJ,63737,443-699-1981,Community Service,Alexander-Nelson,348.57
58,Abigail Johnson,24,10/23/57,1339 Simpson Overpass Suite 216,Reedbury,GA,83484,(804) 326-4689,Miscellaneous,"Deleon, Castillo and Bennett",369.39
59,"Jackson, Cindy",64,7/29/75,6846 Zachary Run Apt. 815,Port Travismouth,IL,19352,(667) 817-2244,Animal Welfare,Harper-Johnson,176.25
60,"Baker, Emily",36,11/25/51,221 Carolyn Mall Apt. 203,West Thomasburgh,DE,20958,+1-951-554-7245x94919,,Gray-Moreno,242.22
61,"Howell, Rachel",73,6/20/17,5207 Zimmerman Camp Apt. 649,New Joelberg,VA,50202,+1-753-870-3747x965,Miscellaneous,Cunningham PLC,485.32
62,"Jones, Olivia",79,9/3/68,6363 Roman Green,Martinezton,RI,85169,(201)730-7127,Sports,Harrison Group,90.95
63,"Campbell, Sonya",63,5/29/58,715 Roberts Knolls Apt. 302,Jordanville,VT,4599,1-518-664-4913,Animal Welfare,Rodriguez-Smith,380.76
64,Gary Randolph,76,8/3/59,93640 Felicia Brook,Keithton,NC,45969,1-508-920-0329,Community Service,Winters-Mahoney,492.34
65,Amy Suarez,18,4/7/55,7370 Everett Shoal Apt. 868,Lake Robert,VA,40656,284.075.9861x565,Unknown,Ross-Weber,171.83
66,"Hill, Kyle",21,2/16/65,1867 Raymond Prairie,New Amber,CO,50910,049-484-5415,Unknown,"Noble, Foster and Ellison",43.98
67,"Hudson, Ashley",21,5/20/97,6734 King Camp,East Luis,DE,75701,964.071.9678x4552,Arts,"Hicks, Castro and Alexander",335.02
68,Betty Ortiz,32,8/27/61,2643 James Isle,Port Travisport,DC,31339,614-398-7456,Animal Welfare,"Moore, Owens and Woods",13.32
69,Joshua Martin,74,10/15/65,523 James Manors Apt. 184,West Matthewside,FL,80270,209.476.4630x137,N/A,Long Inc,493.98
70,Steven Hart,43,4/5/83,3778 Laurie Plaza,South Johnport,NY,96365,510-408-2093,Religious,Clark-Webb,245.14
71,Andrew Sanders,51,8/5/56,655 Roberts Inlet,New Brandonburgh,ID,49188,624-021-4110,N/A,"Robles, Strickland and Erickson",323.87
72,Thomas Moreno,55,12/21/88,62512 Rachel Junction Apt. 202,Port Robert,DC,90217,1-284-508-1083,Community Service,"Black, Harris and Evans",404.35
73,"Harris, Emily",61,10/29/52,5854 Barbara Springs Suite 742,Toddberg,VA,33884,529-157-0784,Community Service,Owens LLC,212.5
74,"Townsend, Alexander",24,7/4/51,433 Adams Port,New Michaelmouth,WV,38287,3016088010,Religious,"Benson, Ramirez and Anderson",288.09
75,"Young, Nathan",83,5/4/01,515 Michaela Rapids,Port Nicole,ME,15987,1-719-736-8120, ,Warren Inc,1400507.88
76,"Shaw, Diana",37,6/12/68,88962 Espinoza Mountain,West Kara,TN,20933,1-533-759-2189,Miscellaneous,"Anderson, Cordova and Lee",495.03
77,Melissa Buck,75,2/6/91,543 Geoffrey Trace Apt. 121,Hendersonstad,CO,89237,401-586-3334,Health,"Nelson, Smith and Fuentes",83.77
78,"Chavez, Lindsey",52,4/15/92,012 Bauer Stream,Patelhaven,NM,17539,960-191-9932x0071,Religious,Collins Inc,479.54
79,Julie Johnson,75,11/29/92,70015 Hopkins Parkways Apt. 573,Mooreville,KY,37751,341-069-4264,Community Service,Martinez Inc,30.25
80,Stephanie Wiggins,71,1/15/92,7124 Evans Points Apt. 343,Ericview,WV,79647,619-204-7580,Miscellaneous,Terry PLC,271.04
81,Joanna Williams,84,9/23/76,1068 Lindsey Brooks,Michelleport,ME,93853,(997) 118-1846,Education,"Olson, Tate and Fields",381.65
82,Dustin Hall,81,3/19/91,072 Henry Harbors Apt. 552,New Laurie,DE,40949,946.992.8252x251,Arts,"Chung, Montes and Alexander",248.8
83,Renee Rosales,18,3/16/49,33040 Erica Stream,Bryanfurt,WY,82246,(600) 092-9819,,"Bell, Peterson and Hinton",440.73
84,"West, Adam",58,1/22/40,353 Emily Branch Apt. 828,New Megan,NV,22794,(238) 054-6305,Miscellaneous,Thompson-Pacheco,37.67
85,Daniel Blake,32,7/18/94,34840 Erin Extensions Apt. 537,Shawnchester,NM,98995,704-649-6274,Health,Hernandez LLC,231.06
86,James Andrews,44,6/23/40,4179 Thomas Lake,Lake Cody,MD,67227,1-893-836-6956,N/A,Santiago Inc,329.11
87,"Bowen, Melissa",51,12/10/96,8788 Kelly Lane,Angelaside,ME,39023,1-120-013-8986,Religious,"Martinez, Leon and Stein",141.08
88,Christina Vaughn,44,7/31/45,21767 Gallagher Burgs,North Michaelburgh,IL,72700,(187)546-0817,Sports,Dawson LLC,182
89,"Davis, Stacey",78,1/23/02,298 Donna Gardens,North Jasminemouth,WV,86186,766-779-3079x4948,N/A,Little Inc,47.58
90,Melissa Johnston,40,2/5/70,69319 Jason Wells Apt. 990,Jessicashire,FL,76179,(969) 845-0320,Community Service,"Rodriguez, Hurst and Parks",450.07
91,Amy Green,56,3/16/76,48974 George Forest Suite 915,South Laura,NH,8520,1-953-049-7026,,Waters-Sherman,340.2
92,"Young, Donald",38,6/27/79,386 Frank Mountains,South Christinaton,VT,31406,1-967-369-8834,,"Cooper, Martinez and Osborn",244.96
93,Joan Perry,45,3/30/03,0824 Phillips Crest Suite 595,Charlesfurt,TN,85403,1-046-552-7989,Health,Costa-Chandler,403.75
94,Erica Patrick,83,3/10/92,81850 Katherine Fields Apt. 867,Hicksbury,ME,28582,391-735-6099,Unknown,"Dawson, Carroll and Luna",92.12
95,Thomas Figueroa,42,7/27/64,72314 Paul Ridge Apt. 018,Kevintown,ND,47036,217-794-6245,Religious,Dunn-Leon,86.15
96,Justin Ortiz,37,4/27/72,61081 Lacey Lake,Marshchester,CO,95636,715-319-9384, ,Guzman-Spencer,221.67
97,Steven Berry,66,6/19/47,53696 Perez Plaza Suite 257,Dianashire,NJ,58047,414-728-1452,Health,"Edwards, Gregory and Lee",477.02
98,Leslie Anderson,80,10/4/95,3371 Donna Isle,Reginaview,CA,36631,+1-374-567-7139x214,Arts,"Glover, Wilcox and Wilson",477.56
99,"Waller, Tyler",42,10/17/45,7397 Phillips Station Apt. 154,East Bryanfort,DE,24963,299-199-2785x825,Unknown,Frey PLC,474.88
100,"Parker, Michael",33,8/14/85,1369 Craig Circle Suite 356,Kevinmouth,NC,71562,165-030-8266, ,"Gonzales, Cardenas and Fletcher",253.43
101,"Gutierrez, Christopher",76,1/10/98,57214 Melissa Islands,West Joseph,NC,61997,(341) 359-9966,Miscellaneous,"Rose, Cameron and Baker",322.42
102,Tamara Thompson,20,9/30/02,643 Rodney Drive Suite 857,Patriciaburgh,KY,70682,001-873-379-4813x9264,Arts,Hoover-Freeman,287.67
103,"Taylor, Francisco",72,3/13/03,637 Logan Corners Suite 728,Port Deborah,CA,97989,(834) 511-3014,Arts,Thornton-Smith,88.58
104,William Rich,69,5/20/87,466 Brewer Keys Apt. 307,Reidchester,OR,95584,(271)897-3812x8117,Religious,"Bennett, Bruce and Bowman",213.01
105,Jason Ortiz,61,5/3/01,372 Daniel Parkway Apt. 330,Zacharyberg,MT,70187,(357) 800-2100, ,Carson-Williams,121.27
106,"Villarreal, Sandra",74,11/10/53,41486 Berger Islands,Brownton,NY,20515,175.743.2207x39668, ,Romero PLC,384.2
107,"Chavez, Stephanie",78,12/12/74,3974 Roger Corner,Buckport,PA,97175,699-642-5619,Religious,Parks LLC,292.76
108,Kurt Scott,74,8/18/56,922 Jones Falls Suite 351,New Dylanfort,UT,26473,368-417-9672,Health,Buckley LLC,411.99
109,Andrea Taylor,21,5/4/45,5827 Lori Gardens,South David,ID,97722,+1-215-415-4751x60854,Animal Welfare,Cummings Ltd,136.51
110,"Parker, Vanessa",20,1/13/69,4890 Malone Extension Apt. 089,Perezborough,NC,30932,1-053-322-2129,Unknown,"Hughes, Buchanan and Knight",234.63
111,"Austin, William",24,4/14/16,6988 Perez Harbors Suite 981,Piercefort,NC,75366,1138288035,Animal Welfare,"Ramos, Mcintosh and Steele",422.21
112,Katelyn Huffman,39,11/8/01,369 Silva Circle,West Deniseview,AZ,8642,101.272.5647x88312,N/A,Rodriguez-Burke,113.98
113,"Ellis, Jerry",71,9/13/39,933 Katherine Mission Suite 022,Jonathantown,MN,61576,(116) 935-5103,Animal Welfare,Jones LLC,254.51
114,Meghan Cox,19,3/17/21,61834 Darius Fall,Perezfurt,OH,29265,1-511-867-9503,Sports,Quinn-Norton,372.04
115,Alexander Vargas,22,1/13/60,5159 Nathan Forest,North Josephview,WV,17933,397-190-1834, ,Taylor Ltd,404.17
116,"White, Monica",46,8/15/90,960 Flores Hills,South Jessicaton,AZ,1806,989.306.3287x6344,Education,Erickson Ltd,235.88
117,Tammy Smith,54,1/1/62,4683 Nelson Isle Suite 330,Michellefurt,TX,16879,(666) 936-8119,Sports,"Chandler, Cook and Becker",186.16
118,Robert Lopez,37,3/8/43,1799 Beck Fort Suite 843,Port Kimberly,CO,87356,2427291740,Religious,Wilson LLC,145.64
119,"Carroll, Anthony",46,7/1/39,4320 Deanna Lakes,Jasonfurt,CT,88241,1-026-898-3839,Animal Welfare,Morales and Sons,384.63
120,Mary Mccall,67,1/6/46,307 Murillo Crest,West Kimberly,CT,50606,+1-375-208-0328x92337,Sports,Martin-Ball,165.85
121,Deanna Lewis,42,9/27/80,035 Richard Street,Thomasville,OR,90938,9837229268, ,"Fields, Rivas and Hodge",168.54
122,"Sanders, Jonathan",34,7/15/89,383 Jonathan Ranch,New Jessica,ND,85439,(422) 062-0367,Community Service,Walker and Sons,361.98
123,Victoria Williams,50,11/29/52,066 Diaz Coves Apt. 766,Robertmouth,FL,46102,300.089.6345x598,Unknown,Young-Ashley,442.7
124,Todd Good,54,4/10/44,1066 Perez Creek Suite 130,West Jacobmouth,MN,22757,546-713-6383,Community Service,Jones Inc,263.4
125,Wendy Yoder,45,3/4/67,647 Lisa Cape Suite 489,New Glen,OH,78347,(064) 932-6766,Unknown,Baker-Moore,345.38
126,"Nash, Justin",60,7/7/48,18485 Jill Squares,East Zacharyborough,UT,49722,(562) 418-8927,Sports,"Crosby, Martin and Hale",99.63
127,Patty Williams,71,3/29/73,869 Erika Mission Suite 920,Lake Andrew,UT,28155,667-047-4325x189,Religious,Sims LLC,410.81
128,Christopher Cook,38,10/3/61,685 Hunter Motorway Suite 313,West Thomasshire,MO,15533,(012) 811-8161,Unknown,"Simpson, Gonzales and Woodard",222.64
129,Ivan Choi,68,1/19/74,44255 Sarah Isle,West Deanna,OR,16162,660-102-9496,Religious,"Harmon, Gomez and Larson",449.03
130,Stephanie Rodriguez,26,7/27/93,0850 Lori Spring Apt. 876,Richardstad,NE,7380,(630) 153-7571,Miscellaneous,Turner LLC,40.39
131,"James, Barbara",47,5/7/94,7668 Andrew Falls Apt. 355,New Jennifer,CO,27422,001-124-128-0436x97651,Religious,"Barrett, Johnson and Smith",233.65
132,Michael Roberts,33,6/6/54,3809 Greene Avenue Apt. 998,West Melinda,PA,93990,(594)944-9291x13443,Animal Welfare,Austin Ltd,230.29
133,Gary Neal,82,5/12/89,4022 Jason Shoals,Port Brianburgh,IN,21354,(830) 416-4657,N/A,Nunez and Sons,182.17
134,"Brooks, Paula",69,4/25/77,33571 Frank Knoll Suite 015,Edwardsburgh,DC,82210,(032) 596-7589,Miscellaneous,"Brooks, Brewer and Mcdowell",272.6
135,Kim Martinez,48,5/23/75,1720 Horne Keys Suite 089,New Cathyfurt,CT,91429,(774) 005-3406,Sports,Henry PLC,223.64
136,"Moon, Dawn",65,9/29/50,6675 Williams Valley Suite 973,Lindseyberg,OK,40956,(831) 813-0480,,Anderson-Cole,156.14
137,"Benton, Glenn",23,1/3/66,39899 Heather Stream Suite 426,Lake Angelafort,ME,73064,426.639.1770, ,"Gordon, Walsh and Collins",450.42
138,Kimberly Roberts,55,12/18/51,666 Moore Highway,Lake Jessicastad,DC,43217,(277) 595-9569,Sports,Stephens-Rollins,405.56
139,"Rogers, Kelly",57,12/30/65,233 Gina Point,Shannonmouth,NM,79692,607-997-0064,Miscellaneous,"Barrett, Lane and Rivera",130.69
140,Marcus Page,43,7/10/57,41857 Francisco Shores Suite 930,Port Michaelfort,ND,88374,308-658-7301x65401,Community Service,Porter-Acosta,417.9
141,"Weaver, Linda",80,1/15/06,64580 Wong Vista,Timothyville,FL,56699,(793) 719-0062,Unknown,"Mccormick, Hebert and Garza",26.08
142,"Williams, William",32,5/2/92,99531 Green Fields Suite 631,New Kimberly,IA,64537,(839) 932-3214,Education,Briggs PLC,86.91
143,"Conway, Ryan",33,3/25/72,467 Kim Village,Smithchester,FL,48738,(909) 543-3917,Arts,Gutierrez-Fuentes,437.15
144,"Mooney, Eric",60,10/22/68,19252 John Squares,Williamsside,NH,25029,1-342-026-1240,Community Service,Coleman Inc,377.5
145,"Murphy, Vincent",25,3/9/97,070 Williams Unions Apt. 579,Lake Cassie,DE,15378,(196) 368-1801, ,Harris-Wong,428.78
146,"Goodwin, Krystal",62,11/24/00,95115 Joshua Light Apt. 735,North Laura,MO,67902,784-350-4963,Animal Welfare,Rich-Kelly,236.75
147,Sharon Lindsey,60,1/17/96,60876 Steven Port,Lisastad,ND,40220,1-130-386-8203,Sports,Williams Group,255.65
148,"Wilson, George",78,9/26/05,0101 Destiny Lodge,Michellestad,WY,52558,1-134-578-6472,Community Service,Waller Inc,353.65
149,"Potter, Karen",60,4/25/04,14613 Taylor Street,North Charles,AK,66269,798-384-2755,,Yu-Harrison,197.85
150,"Jones, Adam",79,10/8/46,9095 Lindsay Island,Lake Jasonbury,SD,43772,(448) 487-7761,Health,"Smith, Newman and Kent",429.18
151,"Day, Rachel",22,5/9/47,2616 Daniel Field,Taylorberg,SC,43921,646-978-5763,Education,"Olson, Lewis and Barnes",237.56
152,Dustin Hernandez,72,6/22/64,335 Lynn Mountain Suite 717,Valdezfort,RI,44357,(413) 289-1182,N/A,Griffin-Chung,299.53
153,Michele Cox,18,11/19/41,04612 Bonnie Lane Apt. 088,Cortezburgh,OK,16842,994-600-7364, ,Campbell-Cross,86.52
154,Cynthia Hudson,52,5/28/20,758 Welch Landing,West Edwardport,MS,39014,1-195-213-5951,Arts,"Norris, Thompson and Little",181.21
155,Preston Fitzgerald,83,12/17/57,097 Wiley Landing,Lake Julie,CO,87854,486.289.8980, ,Thompson LLC,381.85
156,Bonnie Burke,29,8/14/05,45788 William Extensions Apt. 016,Calebside,MT,74185,681-053-5346,Animal Welfare,Goodwin LLC,189.7
157,Karen Chandler,74,12/16/53,2601 Heather Via,Mcdonaldstad,CT,35957,289-649-0100,Miscellaneous,Smith Inc,57.31
158,"Mitchell, Wesley",82,7/31/50,768 James Overpass Suite 885,Gordonmouth,ME,99076,875-635-2380x794,Animal Welfare,Jones-Davis,92.9
159,"Farrell, Shannon",22,8/26/81,3685 Clark Extensions Suite 004,New Peterstad,KS,76587,(366) 456-2806, ,Jones-Hubbard,165.93
160,"Avila, Kelly",60,2/11/52,254 Wells Villages Suite 358,Port Carly,OR,82497,288-880-4556,Community Service,"Washington, Knight and Wilcox",158.28
161,"Smith, Mallory",32,4/20/02,8853 Mary Locks Apt. 091,Nelsonchester,WY,59229,(993)997-1518x728,,Barnett Inc,470.87
162,"Fisher, Amanda",23,1/12/77,6975 Davis Forges Suite 361,West Carlosville,HI,84348,612-593-1865,N/A,Wright PLC,479.89
163,Jennifer Austin,73,9/9/62,8854 Kevin Wall,Williamsfurt,OR,20627,(328) 723-6768,Sports,Morris LLC,16.41
164,Felicia Evans,76,5/21/89,35061 Nelson Courts,Spencerborough,TX,56199,869-469-3453,Animal Welfare,"Grant, Rice and Moore",340.59
165,"Stewart, Dominique",78,12/4/04,299 Carter Canyon Apt. 396,Sancheztown,ME,96410,1-652-897-2850,Miscellaneous,Gallegos-Evans,266.46
166,Debra Taylor,66,10/28/70,783 Sara Bridge,Port Grace,GA,18911,(945) 249-4787,,Wise Group,431.94
167,Andrew Davis,80,12/23/13,72458 Guerrero Wells,Marshfort,GA,42721,757-791-6245,Miscellaneous,"Bell, Smith and Cox",280.97
168,Jonathan Haas,83,1/13/39,03078 Howell Parks,Lake Christopherton,VT,51669,1-915-209-4717,Unknown,"Gutierrez, Osborne and Erickson",153.23
169,Jenny Contreras,48,5/3/30,035 Robert Via Apt. 127,North Robertburgh,OH,86608,+1-454-326-1723x3643,Religious,White-Mcdonald,36.5
170,Jennifer Greer,72,5/17/02,50244 Washington Cape,Amystad,VA,75530,1-055-181-8512,Animal Welfare,Lara and Sons,3622159.37
171,"Garcia, Kyle",27,12/18/39,481 Richard Prairie,West Ronald,TX,98756,646-378-0889, ,"Mcclure, Bonilla and Logan",281.53
172,Scott Mitchell,19,10/7/80,5012 Suzanne Lights Apt. 703,East Denise,GA,64590,702.927.3335x9214,Community Service,"Foley, Hull and King",57.26
173,"Gallegos, Jessica",74,8/3/53,48379 Barker Mission Suite 348,Bryanton,MT,97670,1-723-976-6352,Animal Welfare,Moody-Parker,344.67
174,Caleb Perez,58,2/24/30,604 Melissa Station Suite 090,Markbury,HI,17194,519-599-0903,Religious,Gilbert PLC,212.46
175,Nina Lewis,25,11/7/60,481 Julie Fields,North Patty,OK,60243,(193) 560-0829,Sports,Blackburn-Howard,65.53
176,Casey Bautista,60,4/10/97,43605 Molina Vista Suite 661,South Sandraton,NM,42520,851-350-8539x6440,Health,Rosario Ltd,235.21
177,"Mueller, Brittany",21,10/8/02,41305 Frye Roads Suite 203,Jonathanton,UT,20958,+1-534-458-1307x0345,,"Price, Brown and Vega",432.5
178,Cheryl Garcia,75,3/10/64,3576 Victoria Rest Apt. 329,North Brooke,MA,52898,640-739-3263x5262, ,Thompson-Boyd,457.39
179,Stacey Bartlett,30,12/25/14,91186 Timothy Neck Suite 277,Lake Alexanderfurt,MD,23593,(006) 192-6890,Animal Welfare,Mack-Fowler,200.15
180,Kathryn Wilkerson,40,11/5/90,9199 Taylor Route,Maryfort,CA,33214,1-772-099-8388,,Stevens Inc,244.16
181,Donna Stanley,60,1/15/97,950 Tina Oval,East Danielfurt,DC,14471,(908) 675-0986,Health,Garcia and Sons,244.25
182,"Smith, Jeanette",37,8/27/60,19545 Hayes Crossroad Suite 531,Port Samanthatown,AK,9754,779-381-4516,Sports,"Garrett, Woodward and Fisher",353.91
183,"Phillips, Billy",57,3/9/71,7774 Hale Via,Sarahside,TN,72426,157-979-5981,N/A,Ramos-Mejia,281.13
184,"Young, Christine",27,11/1/91,256 Karen Pike Suite 188,North Samantha,NM,36633,382-629-8247,Religious,Conner Ltd,15.97
185,Diana Kline,61,10/26/58,6064 Donald Crossing,Port Daniellebury,PA,2853,774-822-3418,N/A,Anderson-Castro,40.44
186,Timothy Ford,76,2/17/65,5841 Davis Loop Apt. 217,Williamsmouth,IL,96562,(511) 256-5094,Education,Wright-Rivera,39.08
187,Sarah Palmer,20,3/3/06,98861 Ward Place Apt. 588,Matthewview,IL,49779,023-057-2661x976,Religious,"Alvarez, Lee and Parks",117.54
188,"Galvan, Greg",64,11/15/36,29316 Victoria Lodge Apt. 073,Richardtown,PA,49762,350123053, ,Silva and Sons,2309869.85
189,Meghan Peters,60,1/24/55,53527 William Views,New Tiffanyton,NY,73037,855-645-9766,Community Service,"Webster, Tucker and Clark",2205972.27
190,"Sampson, Thomas",26,9/3/02,5320 Trujillo Villages Suite 934,Port Brianborough,AK,43699,209-821-3533,Health,Harmon and Sons,29.41
191,"Reed, Samantha",77,7/9/95,029 Rivas Locks Suite 665,New Darlene,NV,81074,473.176.2679,Health,"Phillips, Young and Smith",200.62
192,Victor Williams,19,10/5/56,1406 Shirley Ranch Suite 127,Patriciafurt,NV,58358,751-786-7147,Arts,"Hogan, Payne and Gonzales",117.66
193,Charles Roberts,50,1/11/95,669 Jerry Mall,Vaughnborough,NV,13409,139-968-6903,N/A,"Monroe, Stewart and Butler",270.4
194,"Lopez, Frank",65,12/9/58,869 Santos Branch Apt. 022,East Jessica,FL,58334,(326)557-6386,Religious,"Conley, Travis and Bell",443.8
195,"Griffin, Kristina",19,11/27/78,14324 Joseph Motorway,Brittanyburgh,HI,22488,507-215-3469,Unknown,"Patterson, Graves and Bowers",496.78
196,"Moran, Anthony",36,6/28/90,3214 Powell Center,Melaniechester,WI,80440,1-854-024-0989,Arts,"Johnson, Bowers and Johnson",341.85
197,Jonathan Church,53,6/29/83,72262 Evans Radial Suite 770,Sarahmouth,DC,69376,1-923-100-9593,N/A,"Morrison, Gonzalez and Lamb",156.33
198,Robert Todd,29,7/20/89,8732 Howard Neck Suite 974,Williamport,MI,61523,344325055,Sports,Hartman-Moore,3725835.68
199,"Mcdaniel, Mark",55,1/18/50,79845 Cardenas Prairie,Sethland,ME,40206,047.891.2089,Animal Welfare,Walters Inc,118.25
200,"Taylor, Richard",85,6/3/11,109 Wiley Knolls Suite 787,Whiteland,OK,61415,1-992-208-5266,Education,Daniels Ltd,354.59